benchmark,#SDC,#DUE,#abort,#end,Acc Err,Acc Time,Error Rate
Conv 1024,72,21,6,6,53627.0,97.02964899999998,0.7420412290680348
Conv 256,70,10,4,4,11724.0,339.539873,0.20616135413350997
DepthConv 1024,6,1,0,0,33.0,3.712951,1.615965306302184
DepthConv 256,87,13,12,12,70361.0,377.1178059999999,0.23069714188992715
